,Terrain,Orientation,NumberOfFloors,FloorHeight,Fassade,RasterLength-X,RasterLength-Y,Arm-Latitudinal-NumberOfSegments,Arm-Longitudinal-NumberOfSegments,BaseBody-Inside-Latditudinal-NumberOfSegments,Courtyard_SegmentCount_RasterLength-Y,Has_Courtyard-Roof,Shading,EnergyStandard,HVAC-System,ServiceHotWater,BuildingVintage
0,Urban,112,1,4.45,Vertical-Windows,2.37,3.62,4,3,2,8.48,False,External-Shading,Passive,BoilerBaseboard,Electric_WaterHeater,2013
1,Suburbs,28,3,3.57,Vertical-Windows,2.54,2.48,4,3,2,10.55,False,External-Shading,GEG,ASHPBaseboard,Electric_TanklessHeater,2007
2,City,113,6,4.43,Horizontal-Windows,3.66,2.05,3,5,3,12.83,True,Low-SHGC-Value,GEG,DHWBaseboard,Electric_WaterHeater,2010
3,Country,105,4,3.81,Horizontal-Windows,3.66,3.62,5,4,3,9.4,True,External-Shading,Passive,BoilerBaseboard,Electric_WaterHeater,2013
4,Country,31,6,3.31,Horizontal-Windows,2.34,3.21,4,4,4,12.06,False,External-Shading,GEG,ASHPBaseboard,Gas_WaterHeater,2013
5,Urban,68,8,3.41,Vertical-Windows,3.22,2.28,3,4,3,12.82,True,External-Shading,NZEB,DHWBaseboard,Electric_WaterHeater,2019
6,Urban,24,8,3.63,Vertical-Windows,2.14,2.76,4,5,3,7.82,True,External-Shading,NZEB,DHWBaseboard,HeatPump_WaterHeater,2013
7,Country,167,4,3.37,Vertical-Windows,2.71,2.71,5,4,3,9.63,True,Low-SHGC-Value,GEG,ASHPBaseboard,Electric_WaterHeater,1980_2004
8,Urban,11,5,2.96,Ribbon-Windows,3.98,2.99,5,4,3,8.21,False,External-Shading,NZEB,BoilerBaseboard,Electric_TanklessHeater,2010
9,Urban,9,8,3.81,Ribbon-Windows,3.94,3.7,3,4,3,9.92,True,Low-SHGC-Value,GEG,BoilerBaseboard,Electric_TanklessHeater,2016
10,Urban,42,6,3.56,Vertical-Windows,2.6,3.46,3,4,3,8.19,False,Low-SHGC-Value,Passive,BoilerBaseboard,Gas_WaterHeater,pre_1980
11,Suburbs,164,5,2.81,Vertical-Windows,3.32,3.3,5,4,3,8.44,False,External-Shading,Passive,BoilerBaseboard,HeatPump_WaterHeater,2007
12,City,53,10,3.49,Horizontal-Windows,2.55,2.26,4,5,2,12.9,False,External-Shading,Passive,BoilerBaseboard,HeatPump_WaterHeater,2004
13,Country,85,6,3.37,Ribbon-Windows,3.25,3.04,4,4,2,9.34,True,External-Shading,Passive,ASHPBaseboard,Electric_TanklessHeater,2004
14,Suburbs,153,4,3.38,Vertical-Windows,3.92,2.17,3,4,3,8.27,False,External-Shading,NZEB,BoilerBaseboard,HeatPump_WaterHeater,2013
15,Suburbs,89,7,2.98,Vertical-Windows,3.84,2.45,3,4,2,11.87,False,External-Shading,Passive,ASHPBaseboard,Gas_TanklessHeater,pre_1980
16,Suburbs,71,10,3.31,Ribbon-Windows,2.22,2.92,4,5,2,9.87,True,Low-SHGC-Value,NZEB,BoilerBaseboard,Electric_TanklessHeater,2019
17,Suburbs,100,8,4.5,Horizontal-Windows,2.85,3.22,3,5,3,8.54,True,External-Shading,NZEB,BoilerBaseboard,Gas_TanklessHeater,2004
18,City,67,4,4.2,Vertical-Windows,2.79,3.02,3,3,3,12.6,False,External-Shading,NZEB,DHWBaseboard,Gas_TanklessHeater,1980_2004
19,Urban,108,10,3.18,Vertical-Windows,2.37,2.8,3,4,4,10.26,False,External-Shading,Passive,ASHPBaseboard,Electric_WaterHeater,2010
20,Suburbs,96,9,3.47,Horizontal-Windows,3.8,3.99,4,4,3,8.85,True,External-Shading,NZEB,DHWBaseboard,Gas_TanklessHeater,1980_2004
21,Suburbs,38,8,4.19,Vertical-Windows,3.07,2.67,4,3,4,8.11,False,External-Shading,Passive,DHWBaseboard,Gas_TanklessHeater,2007
22,Urban,86,1,3.53,Horizontal-Windows,2.69,3.65,3,4,4,7.44,True,External-Shading,GEG,BoilerBaseboard,HeatPump_WaterHeater,1980_2004
23,Suburbs,30,1,3.28,Ribbon-Windows,3.92,3.58,3,4,3,8.96,True,External-Shading,NZEB,ASHPBaseboard,Gas_TanklessHeater,2004
24,City,96,9,4.46,Vertical-Windows,3.53,3.96,5,3,3,10.78,True,External-Shading,NZEB,ASHPBaseboard,HeatPump_WaterHeater,pre_1980
25,Country,156,1,3.3,Horizontal-Windows,3.39,2.54,3,4,2,11.58,False,Low-SHGC-Value,NZEB,BoilerBaseboard,Gas_TanklessHeater,2016
26,Suburbs,67,3,3.13,Vertical-Windows,3.05,3.29,4,5,2,9.19,False,External-Shading,GEG,BoilerBaseboard,Gas_TanklessHeater,2016
27,Suburbs,101,6,4.11,Horizontal-Windows,2.79,3.09,4,4,4,11.03,True,Low-SHGC-Value,NZEB,ASHPBaseboard,Electric_WaterHeater,2007
28,Country,169,8,2.82,Vertical-Windows,2.72,2.08,4,5,3,8.56,False,External-Shading,GEG,DHWBaseboard,Gas_TanklessHeater,2013
29,Suburbs,162,6,3.65,Vertical-Windows,3.17,2.67,5,4,3,7.36,True,Low-SHGC-Value,GEG,ASHPBaseboard,Gas_TanklessHeater,2007
30,Suburbs,165,8,4.44,Vertical-Windows,2.4,2.62,5,5,2,9.72,False,External-Shading,GEG,ASHPBaseboard,Electric_WaterHeater,2007
31,Urban,107,3,3.94,Ribbon-Windows,2.85,2.26,4,4,3,11.1,True,Low-SHGC-Value,NZEB,DHWBaseboard,Electric_WaterHeater,2004
32,Country,114,1,3.53,Vertical-Windows,3.07,2.44,5,4,4,12.12,False,Low-SHGC-Value,NZEB,DHWBaseboard,Electric_WaterHeater,1980_2004
33,Country,108,2,3.64,Horizontal-Windows,2.53,3.19,5,4,4,7.46,True,Low-SHGC-Value,NZEB,ASHPBaseboard,Electric_WaterHeater,2016
34,City,106,2,4.13,Horizontal-Windows,2.32,2.95,4,4,2,7.06,False,Low-SHGC-Value,GEG,ASHPBaseboard,Electric_TanklessHeater,2019
35,Suburbs,168,3,4.49,Ribbon-Windows,3.63,3.43,4,3,3,12.96,False,External-Shading,NZEB,ASHPBaseboard,Electric_WaterHeater,2004
36,Suburbs,70,5,4.48,Horizontal-Windows,4.0,3.39,3,3,3,10.64,True,External-Shading,NZEB,BoilerBaseboard,Electric_TanklessHeater,2007
37,Suburbs,97,5,4.33,Ribbon-Windows,2.43,3.85,3,3,3,12.89,True,Low-SHGC-Value,GEG,ASHPBaseboard,HeatPump_WaterHeater,2019
38,Suburbs,50,5,4.16,Vertical-Windows,3.41,2.1,4,4,3,10.41,False,Low-SHGC-Value,GEG,ASHPBaseboard,Gas_TanklessHeater,2004
39,Urban,176,9,3.6,Vertical-Windows,2.29,3.75,5,4,3,10.39,True,Low-SHGC-Value,Passive,ASHPBaseboard,HeatPump_WaterHeater,2019
40,Suburbs,160,8,4.3,Vertical-Windows,3.27,3.88,4,4,2,10.87,False,External-Shading,NZEB,BoilerBaseboard,HeatPump_WaterHeater,2004
41,Country,160,4,3.0,Ribbon-Windows,3.23,2.27,4,5,3,12.81,False,Low-SHGC-Value,NZEB,BoilerBaseboard,Electric_TanklessHeater,2007
42,City,104,3,3.4,Vertical-Windows,2.19,3.78,4,3,3,10.02,False,Low-SHGC-Value,Passive,ASHPBaseboard,Gas_TanklessHeater,2019
43,Suburbs,145,9,3.22,Vertical-Windows,2.96,3.67,5,3,3,8.76,False,Low-SHGC-Value,NZEB,ASHPBaseboard,Electric_WaterHeater,2016
44,Urban,81,2,4.34,Vertical-Windows,2.09,3.07,3,4,3,12.69,True,Low-SHGC-Value,Passive,ASHPBaseboard,Gas_TanklessHeater,pre_1980
45,Urban,4,2,4.19,Ribbon-Windows,3.56,2.35,4,4,3,11.94,True,External-Shading,Passive,ASHPBaseboard,Electric_WaterHeater,1980_2004
46,City,153,2,4.06,Horizontal-Windows,2.48,3.54,4,3,3,11.81,False,Low-SHGC-Value,NZEB,BoilerBaseboard,Gas_WaterHeater,2016
47,Country,129,9,2.81,Ribbon-Windows,3.52,3.74,3,4,2,7.6,True,External-Shading,Passive,DHWBaseboard,Electric_WaterHeater,1980_2004
48,Urban,142,6,4.36,Vertical-Windows,3.42,2.18,4,4,3,12.59,True,Low-SHGC-Value,GEG,DHWBaseboard,HeatPump_WaterHeater,2010
49,Suburbs,115,10,2.9,Ribbon-Windows,3.86,2.39,3,4,3,8.55,False,External-Shading,NZEB,ASHPBaseboard,HeatPump_WaterHeater,2004
50,Suburbs,15,3,3.43,Horizontal-Windows,3.37,2.57,5,3,2,9.61,True,External-Shading,NZEB,BoilerBaseboard,Gas_TanklessHeater,2010
51,Suburbs,85,2,3.53,Ribbon-Windows,2.55,2.6,4,4,4,9.0,False,Low-SHGC-Value,NZEB,DHWBaseboard,Electric_WaterHeater,2016
52,Urban,61,2,3.73,Vertical-Windows,2.13,3.03,4,4,4,11.18,False,External-Shading,NZEB,BoilerBaseboard,Gas_TanklessHeater,pre_1980
53,Urban,90,3,4.29,Horizontal-Windows,3.19,2.7,4,5,4,10.99,False,Low-SHGC-Value,Passive,DHWBaseboard,HeatPump_WaterHeater,2016
54,Country,132,8,4.21,Ribbon-Windows,3.49,3.89,4,4,4,10.67,False,External-Shading,NZEB,DHWBaseboard,Electric_TanklessHeater,2019
55,Country,180,5,3.71,Horizontal-Windows,3.11,2.86,4,4,2,11.39,False,Low-SHGC-Value,NZEB,ASHPBaseboard,Electric_WaterHeater,2016
56,Urban,115,3,3.55,Vertical-Windows,3.79,2.19,4,5,3,12.17,True,External-Shading,Passive,ASHPBaseboard,Electric_WaterHeater,2019
57,Suburbs,73,3,3.64,Vertical-Windows,3.29,2.5,4,5,2,7.14,True,External-Shading,GEG,BoilerBaseboard,Electric_TanklessHeater,2010
58,Suburbs,27,3,3.2,Vertical-Windows,3.37,2.06,4,4,2,11.04,False,External-Shading,GEG,BoilerBaseboard,HeatPump_WaterHeater,2004
59,Country,146,5,2.9,Horizontal-Windows,3.41,3.58,4,5,2,12.72,True,Low-SHGC-Value,NZEB,DHWBaseboard,Electric_WaterHeater,2016
60,Suburbs,179,9,3.48,Horizontal-Windows,3.45,3.59,5,3,3,10.96,False,Low-SHGC-Value,Passive,BoilerBaseboard,HeatPump_WaterHeater,1980_2004
61,Suburbs,26,9,4.15,Vertical-Windows,3.63,3.69,4,4,3,11.73,False,Low-SHGC-Value,Passive,ASHPBaseboard,HeatPump_WaterHeater,2007
62,Suburbs,61,5,3.1,Ribbon-Windows,2.02,2.42,4,3,2,7.64,True,External-Shading,GEG,BoilerBaseboard,Electric_TanklessHeater,2004
63,City,122,7,3.14,Vertical-Windows,3.88,2.38,4,3,3,7.85,False,Low-SHGC-Value,NZEB,DHWBaseboard,HeatPump_WaterHeater,2016
64,Suburbs,3,4,4.09,Ribbon-Windows,3.28,2.1,4,5,4,8.08,False,Low-SHGC-Value,GEG,DHWBaseboard,Gas_WaterHeater,2010
65,Country,148,7,2.87,Vertical-Windows,2.86,2.34,3,4,2,12.37,False,External-Shading,Passive,ASHPBaseboard,Electric_TanklessHeater,2004
66,Country,130,3,3.6,Vertical-Windows,3.82,2.31,5,4,2,8.05,True,Low-SHGC-Value,Passive,BoilerBaseboard,Gas_TanklessHeater,2007
67,Urban,128,2,3.44,Vertical-Windows,2.43,2.69,4,3,3,9.38,False,External-Shading,GEG,BoilerBaseboard,Gas_TanklessHeater,2010
68,Country,30,9,3.32,Vertical-Windows,3.54,2.87,3,4,3,7.7,False,Low-SHGC-Value,Passive,ASHPBaseboard,Gas_WaterHeater,2013
69,Urban,134,7,4.3,Vertical-Windows,2.04,3.8,4,4,2,7.16,False,Low-SHGC-Value,NZEB,ASHPBaseboard,Electric_TanklessHeater,1980_2004
70,Suburbs,32,8,3.2,Horizontal-Windows,3.64,3.78,5,5,2,8.92,True,External-Shading,NZEB,ASHPBaseboard,Gas_WaterHeater,2004
71,Suburbs,45,2,3.13,Ribbon-Windows,2.65,3.5,4,4,3,10.01,True,External-Shading,GEG,ASHPBaseboard,Gas_TanklessHeater,1980_2004
72,Urban,78,10,4.47,Ribbon-Windows,2.64,3.82,4,5,4,11.02,False,External-Shading,NZEB,DHWBaseboard,Electric_WaterHeater,2016
73,Suburbs,54,6,2.81,Ribbon-Windows,2.59,2.09,4,5,2,10.32,False,Low-SHGC-Value,NZEB,BoilerBaseboard,HeatPump_WaterHeater,2019
74,Country,20,9,3.5,Ribbon-Windows,3.82,3.68,3,4,3,7.87,True,External-Shading,GEG,BoilerBaseboard,Electric_WaterHeater,2007
75,City,72,6,3.82,Vertical-Windows,2.61,2.25,5,5,3,8.31,True,Low-SHGC-Value,NZEB,ASHPBaseboard,Electric_TanklessHeater,pre_1980
76,Suburbs,56,7,4.32,Vertical-Windows,3.56,3.61,4,5,2,8.29,False,Low-SHGC-Value,Passive,ASHPBaseboard,Gas_WaterHeater,2010
77,City,163,10,3.29,Horizontal-Windows,2.26,3.25,5,4,4,9.45,True,External-Shading,GEG,ASHPBaseboard,HeatPump_WaterHeater,2007
78,Urban,146,5,4.4,Ribbon-Windows,3.9,3.83,5,5,4,12.24,True,External-Shading,NZEB,ASHPBaseboard,Gas_TanklessHeater,pre_1980
79,Suburbs,57,3,3.52,Ribbon-Windows,2.68,2.69,3,3,2,9.71,False,External-Shading,GEG,ASHPBaseboard,Gas_TanklessHeater,2019
80,Urban,66,7,3.2,Ribbon-Windows,2.12,3.56,5,4,4,12.66,True,External-Shading,GEG,ASHPBaseboard,Gas_TanklessHeater,2007
81,City,42,9,2.91,Vertical-Windows,3.44,3.8,4,4,4,10.94,False,Low-SHGC-Value,NZEB,ASHPBaseboard,Electric_WaterHeater,1980_2004
82,City,124,9,3.43,Vertical-Windows,2.73,2.59,4,4,2,12.13,False,External-Shading,NZEB,ASHPBaseboard,Electric_WaterHeater,2013
83,Urban,111,9,3.58,Vertical-Windows,2.64,3.37,4,5,2,9.89,True,External-Shading,Passive,DHWBaseboard,HeatPump_WaterHeater,1980_2004
84,Country,145,2,2.94,Ribbon-Windows,2.97,3.74,5,3,2,9.59,True,External-Shading,GEG,ASHPBaseboard,HeatPump_WaterHeater,2016
85,Urban,25,6,3.76,Horizontal-Windows,3.29,3.45,5,3,3,10.69,False,External-Shading,NZEB,ASHPBaseboard,Gas_TanklessHeater,1980_2004
86,Suburbs,62,4,3.69,Vertical-Windows,2.51,2.66,4,4,2,9.9,False,Low-SHGC-Value,NZEB,DHWBaseboard,HeatPump_WaterHeater,2010
87,Urban,150,3,3.16,Vertical-Windows,3.79,3.13,3,5,3,11.0,True,Low-SHGC-Value,NZEB,DHWBaseboard,Electric_TanklessHeater,2010
88,City,128,3,4.27,Vertical-Windows,2.23,2.97,3,4,3,9.97,False,Low-SHGC-Value,Passive,ASHPBaseboard,Electric_TanklessHeater,2013
89,Suburbs,137,7,2.85,Vertical-Windows,3.07,3.96,5,4,3,9.73,True,External-Shading,Passive,ASHPBaseboard,HeatPump_WaterHeater,2007
90,City,60,7,3.21,Vertical-Windows,2.28,3.73,3,3,3,10.79,False,External-Shading,GEG,ASHPBaseboard,Gas_WaterHeater,2004
91,Suburbs,49,9,3.3,Horizontal-Windows,3.69,3.67,3,3,4,9.99,True,External-Shading,Passive,BoilerBaseboard,Electric_WaterHeater,1980_2004
92,Suburbs,115,10,3.62,Ribbon-Windows,3.23,2.91,4,5,2,10.91,False,Low-SHGC-Value,Passive,ASHPBaseboard,HeatPump_WaterHeater,1980_2004
93,Urban,76,6,4.06,Horizontal-Windows,3.27,3.93,4,4,3,7.88,False,Low-SHGC-Value,NZEB,ASHPBaseboard,Electric_WaterHeater,2013
94,Urban,143,5,4.4,Horizontal-Windows,3.2,2.81,4,4,3,8.72,True,External-Shading,NZEB,DHWBaseboard,HeatPump_WaterHeater,2013
95,Suburbs,93,4,3.75,Horizontal-Windows,2.12,2.59,3,4,4,9.01,True,Low-SHGC-Value,Passive,BoilerBaseboard,HeatPump_WaterHeater,1980_2004
96,Suburbs,31,2,3.91,Horizontal-Windows,2.74,3.36,4,5,2,12.77,False,Low-SHGC-Value,NZEB,DHWBaseboard,HeatPump_WaterHeater,1980_2004
97,Urban,34,7,3.25,Vertical-Windows,2.01,3.76,4,3,2,12.4,False,Low-SHGC-Value,GEG,ASHPBaseboard,HeatPump_WaterHeater,pre_1980
98,Country,165,3,4.24,Vertical-Windows,2.59,3.86,3,4,2,12.87,False,Low-SHGC-Value,NZEB,ASHPBaseboard,Gas_TanklessHeater,2016
99,Urban,19,2,4.17,Horizontal-Windows,3.68,3.87,3,3,2,12.52,False,Low-SHGC-Value,Passive,BoilerBaseboard,Gas_TanklessHeater,2010
100,Urban,98,4,2.86,Ribbon-Windows,2.87,3.86,3,4,2,10.25,False,External-Shading,GEG,ASHPBaseboard,Electric_WaterHeater,2007
101,Suburbs,84,10,3.02,Ribbon-Windows,3.41,3.98,5,3,3,11.99,True,External-Shading,NZEB,BoilerBaseboard,Electric_WaterHeater,2007
102,Suburbs,137,2,2.82,Horizontal-Windows,2.67,2.83,4,3,4,7.59,True,External-Shading,GEG,DHWBaseboard,Gas_TanklessHeater,2013
103,Suburbs,150,2,3.44,Horizontal-Windows,2.08,3.63,5,5,3,10.66,True,Low-SHGC-Value,NZEB,DHWBaseboard,Electric_WaterHeater,2010
104,Urban,52,7,3.25,Ribbon-Windows,2.84,2.7,4,5,4,7.73,False,External-Shading,NZEB,BoilerBaseboard,HeatPump_WaterHeater,2010
105,Country,8,9,2.98,Vertical-Windows,3.83,3.46,3,4,2,7.99,False,Low-SHGC-Value,NZEB,ASHPBaseboard,Electric_TanklessHeater,2013
106,Urban,8,6,3.75,Ribbon-Windows,4.0,2.42,3,4,3,12.36,True,External-Shading,NZEB,DHWBaseboard,Gas_TanklessHeater,1980_2004
107,Urban,161,4,4.3,Ribbon-Windows,2.89,2.95,5,3,3,8.91,False,Low-SHGC-Value,NZEB,ASHPBaseboard,Electric_WaterHeater,2004
108,Suburbs,158,8,3.07,Vertical-Windows,3.21,2.2,5,3,4,11.71,True,Low-SHGC-Value,NZEB,DHWBaseboard,HeatPump_WaterHeater,2007
109,Country,131,7,2.96,Horizontal-Windows,2.13,2.08,3,4,4,10.03,False,Low-SHGC-Value,GEG,BoilerBaseboard,Gas_WaterHeater,1980_2004
110,Urban,140,4,3.36,Vertical-Windows,2.28,3.19,4,3,2,8.33,True,External-Shading,NZEB,ASHPBaseboard,Gas_TanklessHeater,2013
111,Country,29,3,3.27,Vertical-Windows,3.97,2.15,5,5,3,10.52,False,External-Shading,Passive,ASHPBaseboard,Electric_TanklessHeater,2004
112,Urban,148,4,4.42,Horizontal-Windows,3.58,3.65,4,5,3,11.17,True,Low-SHGC-Value,GEG,DHWBaseboard,Gas_WaterHeater,2010
113,Suburbs,80,3,3.72,Vertical-Windows,3.2,2.75,4,4,3,11.56,False,External-Shading,NZEB,ASHPBaseboard,HeatPump_WaterHeater,2013
114,Suburbs,107,5,3.75,Horizontal-Windows,3.73,3.48,3,4,3,10.43,True,Low-SHGC-Value,NZEB,DHWBaseboard,Gas_TanklessHeater,2010
115,Country,56,5,4.0,Vertical-Windows,3.34,3.74,4,3,3,7.75,False,External-Shading,NZEB,ASHPBaseboard,Gas_TanklessHeater,2004
116,Urban,143,8,3.94,Ribbon-Windows,3.35,3.44,4,3,3,7.01,True,Low-SHGC-Value,Passive,ASHPBaseboard,HeatPump_WaterHeater,2004
117,Suburbs,18,2,4.1,Vertical-Windows,2.56,2.99,4,3,2,8.39,True,Low-SHGC-Value,NZEB,ASHPBaseboard,Electric_WaterHeater,1980_2004
118,Urban,121,9,3.39,Vertical-Windows,2.54,3.95,5,3,3,9.67,True,Low-SHGC-Value,NZEB,BoilerBaseboard,Gas_TanklessHeater,2013
119,Urban,125,8,4.28,Vertical-Windows,3.89,2.73,4,4,4,12.28,True,External-Shading,GEG,BoilerBaseboard,Gas_TanklessHeater,2013
120,City,22,2,4.08,Vertical-Windows,3.5,2.85,4,5,3,10.17,True,Low-SHGC-Value,NZEB,ASHPBaseboard,HeatPump_WaterHeater,pre_1980
121,Urban,40,4,3.72,Vertical-Windows,3.59,3.76,3,4,3,12.53,False,External-Shading,Passive,ASHPBaseboard,Electric_WaterHeater,2013
122,Suburbs,35,8,3.12,Horizontal-Windows,2.95,2.32,5,4,3,8.78,True,Low-SHGC-Value,NZEB,ASHPBaseboard,Gas_TanklessHeater,2004
123,Suburbs,84,1,4.03,Vertical-Windows,3.8,3.56,4,5,2,7.65,True,Low-SHGC-Value,NZEB,DHWBaseboard,Electric_WaterHeater,1980_2004
124,Urban,178,5,3.32,Horizontal-Windows,3.26,3.53,5,4,2,10.74,True,External-Shading,GEG,BoilerBaseboard,HeatPump_WaterHeater,2016
125,Suburbs,82,2,4.03,Vertical-Windows,2.24,2.01,4,3,3,12.09,False,Low-SHGC-Value,NZEB,ASHPBaseboard,Electric_WaterHeater,2010
126,Urban,21,5,4.12,Vertical-Windows,2.93,2.79,3,3,3,8.01,False,Low-SHGC-Value,GEG,DHWBaseboard,HeatPump_WaterHeater,2016
127,Urban,78,5,4.34,Horizontal-Windows,3.22,2.3,4,4,3,10.29,False,Low-SHGC-Value,NZEB,ASHPBaseboard,HeatPump_WaterHeater,2010
128,Suburbs,174,2,3.13,Ribbon-Windows,2.33,2.3,4,3,4,9.46,False,Low-SHGC-Value,GEG,DHWBaseboard,Electric_WaterHeater,pre_1980
129,Urban,110,7,4.31,Vertical-Windows,3.39,3.99,4,4,4,7.29,True,External-Shading,NZEB,BoilerBaseboard,Electric_WaterHeater,2010
130,Urban,114,6,4.16,Ribbon-Windows,3.38,2.54,3,4,4,9.86,True,Low-SHGC-Value,NZEB,DHWBaseboard,Electric_TanklessHeater,2007
131,Urban,19,3,3.19,Vertical-Windows,2.83,2.22,5,4,2,11.88,False,Low-SHGC-Value,GEG,ASHPBaseboard,Electric_WaterHeater,2013
132,Suburbs,91,9,3.37,Vertical-Windows,3.6,3.81,5,3,2,8.25,False,External-Shading,NZEB,BoilerBaseboard,Electric_WaterHeater,pre_1980
133,Country,47,9,3.98,Horizontal-Windows,3.09,2.15,4,3,2,10.35,False,Low-SHGC-Value,NZEB,BoilerBaseboard,Gas_TanklessHeater,1980_2004
134,Country,16,7,4.15,Vertical-Windows,3.47,3.43,5,4,3,12.41,False,Low-SHGC-Value,Passive,DHWBaseboard,Electric_WaterHeater,2004
135,Urban,13,4,3.52,Vertical-Windows,2.68,3.38,5,4,3,10.4,True,Low-SHGC-Value,GEG,BoilerBaseboard,Gas_TanklessHeater,2019
136,Country,55,2,3.95,Vertical-Windows,2.18,3.52,5,4,4,7.79,False,External-Shading,NZEB,ASHPBaseboard,Electric_TanklessHeater,pre_1980
137,Urban,65,8,3.21,Vertical-Windows,2.67,3.11,4,4,3,12.21,False,External-Shading,NZEB,DHWBaseboard,Gas_TanklessHeater,2016
138,Urban,51,5,3.18,Horizontal-Windows,3.18,3.47,5,3,3,7.41,False,External-Shading,GEG,DHWBaseboard,HeatPump_WaterHeater,2019
139,Urban,17,9,2.99,Horizontal-Windows,2.44,2.43,3,5,3,7.18,True,External-Shading,NZEB,ASHPBaseboard,Gas_TanklessHeater,2004
140,Suburbs,92,5,3.27,Vertical-Windows,3.34,3.41,4,3,3,8.43,False,External-Shading,Passive,BoilerBaseboard,HeatPump_WaterHeater,2019
141,Urban,79,6,4.49,Ribbon-Windows,2.4,3.68,4,4,4,8.07,True,Low-SHGC-Value,Passive,ASHPBaseboard,Electric_TanklessHeater,2016
142,Urban,39,8,3.49,Vertical-Windows,3.92,2.49,3,5,4,12.63,False,Low-SHGC-Value,Passive,ASHPBaseboard,Gas_WaterHeater,2004
143,Urban,71,7,3.45,Vertical-Windows,3.77,3.08,4,4,3,9.69,True,External-Shading,NZEB,BoilerBaseboard,HeatPump_WaterHeater,2004
144,Country,170,2,3.66,Ribbon-Windows,2.1,3.35,4,5,2,9.03,False,External-Shading,NZEB,DHWBaseboard,HeatPump_WaterHeater,2016
145,City,92,2,3.99,Vertical-Windows,3.83,3.76,4,3,2,12.64,True,Low-SHGC-Value,Passive,DHWBaseboard,HeatPump_WaterHeater,2016
146,City,167,7,4.46,Vertical-Windows,2.2,3.52,4,4,3,7.4,True,External-Shading,GEG,ASHPBaseboard,HeatPump_WaterHeater,2010
147,Urban,175,8,4.36,Ribbon-Windows,2.3,3.12,3,3,4,11.91,False,Low-SHGC-Value,NZEB,ASHPBaseboard,Gas_TanklessHeater,2019
148,City,23,3,3.91,Horizontal-Windows,2.24,3.17,4,5,4,8.02,False,Low-SHGC-Value,GEG,BoilerBaseboard,Electric_WaterHeater,2013
149,Urban,110,3,3.68,Ribbon-Windows,3.03,2.18,4,4,4,8.06,True,Low-SHGC-Value,NZEB,BoilerBaseboard,HeatPump_WaterHeater,2019
150,City,102,4,3.81,Ribbon-Windows,3.43,3.11,3,5,3,7.17,False,External-Shading,GEG,ASHPBaseboard,Electric_TanklessHeater,2019
151,Urban,53,4,3.92,Vertical-Windows,3.72,2.78,4,5,3,10.46,False,Low-SHGC-Value,NZEB,ASHPBaseboard,Electric_TanklessHeater,2004
152,Suburbs,91,10,3.32,Vertical-Windows,2.09,3.37,4,3,2,12.18,True,Low-SHGC-Value,NZEB,ASHPBaseboard,Electric_WaterHeater,pre_1980
153,Urban,123,7,3.38,Horizontal-Windows,2.57,2.94,5,5,4,9.49,True,External-Shading,NZEB,ASHPBaseboard,HeatPump_WaterHeater,2010
154,City,74,6,4.27,Ribbon-Windows,2.67,3.47,4,4,3,10.28,False,Low-SHGC-Value,GEG,DHWBaseboard,Electric_WaterHeater,1980_2004
155,City,36,7,3.79,Horizontal-Windows,2.11,2.74,3,3,3,8.77,True,External-Shading,Passive,BoilerBaseboard,Gas_TanklessHeater,pre_1980
156,Urban,6,1,4.47,Horizontal-Windows,3.14,3.2,4,4,2,12.45,False,External-Shading,GEG,ASHPBaseboard,Gas_TanklessHeater,2013
157,Suburbs,71,9,3.78,Vertical-Windows,3.95,2.6,5,4,3,8.9,False,External-Shading,NZEB,ASHPBaseboard,Gas_TanklessHeater,2016
158,City,62,7,3.92,Vertical-Windows,2.26,2.75,3,5,2,7.49,False,External-Shading,NZEB,BoilerBaseboard,Gas_TanklessHeater,1980_2004
159,Urban,55,7,4.23,Ribbon-Windows,3.85,2.24,4,4,2,8.32,False,Low-SHGC-Value,GEG,BoilerBaseboard,Gas_TanklessHeater,2004
160,Urban,10,3,3.34,Vertical-Windows,2.23,3.59,3,4,2,7.2,False,External-Shading,GEG,ASHPBaseboard,Gas_WaterHeater,2004
161,Urban,139,6,3.71,Vertical-Windows,2.91,2.48,5,4,4,12.43,False,Low-SHGC-Value,Passive,DHWBaseboard,Electric_WaterHeater,2016
162,Country,68,6,3.6,Vertical-Windows,2.63,2.86,4,5,3,8.38,True,Low-SHGC-Value,Passive,DHWBaseboard,HeatPump_WaterHeater,2013
163,Country,48,8,3.68,Ribbon-Windows,2.32,2.37,5,3,3,11.86,True,External-Shading,NZEB,BoilerBaseboard,HeatPump_WaterHeater,2010
164,City,20,6,3.35,Vertical-Windows,2.7,2.4,5,5,2,11.47,True,External-Shading,Passive,ASHPBaseboard,HeatPump_WaterHeater,2013
165,Urban,77,8,3.24,Ribbon-Windows,3.12,2.16,4,4,3,7.69,False,External-Shading,NZEB,DHWBaseboard,Gas_TanklessHeater,2010
166,Suburbs,44,10,3.29,Vertical-Windows,3.45,2.91,3,3,3,10.6,False,Low-SHGC-Value,NZEB,DHWBaseboard,Electric_WaterHeater,pre_1980
167,Urban,94,3,3.42,Ribbon-Windows,3.87,3.83,3,5,2,10.54,False,External-Shading,Passive,BoilerBaseboard,Electric_TanklessHeater,2016
168,Suburbs,5,9,3.15,Ribbon-Windows,3.88,3.61,3,5,4,8.5,False,Low-SHGC-Value,Passive,ASHPBaseboard,Gas_TanklessHeater,1980_2004
169,Urban,81,9,3.27,Vertical-Windows,2.48,3.25,5,4,2,8.79,False,External-Shading,NZEB,ASHPBaseboard,HeatPump_WaterHeater,2013
170,Urban,127,6,4.44,Horizontal-Windows,3.24,3.26,4,4,2,7.43,False,Low-SHGC-Value,NZEB,ASHPBaseboard,Gas_TanklessHeater,2010
171,Country,161,3,2.8,Ribbon-Windows,3.25,2.11,5,3,3,9.04,True,Low-SHGC-Value,GEG,ASHPBaseboard,Gas_TanklessHeater,2010
172,Urban,139,9,3.8,Vertical-Windows,2.89,2.22,3,4,4,12.78,True,External-Shading,GEG,DHWBaseboard,Gas_WaterHeater,2010
173,Urban,148,2,3.69,Ribbon-Windows,3.72,2.46,4,5,3,9.48,True,Low-SHGC-Value,NZEB,DHWBaseboard,Gas_TanklessHeater,2019
174,Suburbs,162,2,2.92,Vertical-Windows,3.02,2.89,4,3,2,7.48,True,External-Shading,Passive,BoilerBaseboard,Gas_WaterHeater,2004
175,Country,16,4,3.02,Horizontal-Windows,2.25,2.36,4,3,4,12.46,True,Low-SHGC-Value,NZEB,BoilerBaseboard,Electric_TanklessHeater,2019
176,Suburbs,138,3,4.01,Vertical-Windows,3.48,3.66,4,3,3,7.22,True,External-Shading,GEG,DHWBaseboard,Electric_TanklessHeater,2019
177,Country,69,5,2.85,Vertical-Windows,3.68,3.68,4,5,4,10.16,True,External-Shading,NZEB,ASHPBaseboard,HeatPump_WaterHeater,2010
178,Suburbs,172,1,3.93,Vertical-Windows,2.86,3.43,3,4,3,7.34,True,Low-SHGC-Value,Passive,ASHPBaseboard,Gas_TanklessHeater,2007
179,City,0,7,4.03,Horizontal-Windows,3.49,3.07,3,3,3,12.47,True,Low-SHGC-Value,NZEB,ASHPBaseboard,HeatPump_WaterHeater,2013
180,Country,65,8,3.22,Vertical-Windows,3.06,3.64,3,4,2,8.97,True,External-Shading,GEG,DHWBaseboard,Electric_TanklessHeater,1980_2004
181,Suburbs,79,5,3.43,Horizontal-Windows,3.9,2.13,4,3,2,12.94,False,External-Shading,Passive,ASHPBaseboard,Electric_WaterHeater,1980_2004
182,Suburbs,176,6,2.99,Horizontal-Windows,3.61,2.81,4,5,3,11.64,False,Low-SHGC-Value,Passive,ASHPBaseboard,Gas_TanklessHeater,2016
183,Country,67,5,2.92,Vertical-Windows,3.25,3.4,4,5,2,8.61,False,Low-SHGC-Value,NZEB,BoilerBaseboard,Electric_WaterHeater,2007
184,Suburbs,33,2,4.13,Ribbon-Windows,2.1,3.84,4,4,4,8.65,False,External-Shading,Passive,ASHPBaseboard,Electric_WaterHeater,pre_1980
185,Suburbs,6,9,4.14,Vertical-Windows,3.32,3.01,4,5,3,10.38,True,External-Shading,NZEB,DHWBaseboard,Electric_WaterHeater,1980_2004
186,City,73,9,3.06,Vertical-Windows,2.83,3.04,5,4,3,10.58,True,Low-SHGC-Value,NZEB,ASHPBaseboard,HeatPump_WaterHeater,2007
187,City,1,7,4.38,Vertical-Windows,3.67,3.03,5,4,3,12.31,False,Low-SHGC-Value,NZEB,ASHPBaseboard,Gas_TanklessHeater,2007
188,Suburbs,132,7,3.07,Vertical-Windows,2.19,2.99,4,4,3,11.5,True,Low-SHGC-Value,GEG,DHWBaseboard,Electric_TanklessHeater,2010
189,Urban,43,8,3.58,Vertical-Windows,3.06,3.1,4,4,4,9.83,True,External-Shading,Passive,DHWBaseboard,HeatPump_WaterHeater,2007
190,Suburbs,179,1,3.19,Ribbon-Windows,3.31,3.18,4,3,3,10.34,False,Low-SHGC-Value,NZEB,BoilerBaseboard,HeatPump_WaterHeater,2019
191,Urban,27,10,2.82,Vertical-Windows,3.76,3.69,4,3,3,7.13,True,External-Shading,Passive,ASHPBaseboard,Electric_TanklessHeater,2010
192,Suburbs,172,6,4.29,Horizontal-Windows,2.85,2.73,4,4,2,10.84,False,External-Shading,Passive,BoilerBaseboard,Gas_WaterHeater,2016
193,Suburbs,112,7,3.68,Vertical-Windows,2.46,3.77,4,4,3,10.33,False,Low-SHGC-Value,GEG,DHWBaseboard,Electric_TanklessHeater,2016
194,City,84,5,4.42,Vertical-Windows,2.76,2.4,4,5,2,10.8,True,External-Shading,NZEB,ASHPBaseboard,Electric_WaterHeater,2019
195,City,23,6,2.93,Vertical-Windows,3.14,3.35,3,4,2,11.27,True,Low-SHGC-Value,NZEB,DHWBaseboard,Electric_WaterHeater,1980_2004
196,Urban,162,6,2.93,Ribbon-Windows,3.38,3.94,4,4,2,12.11,True,External-Shading,NZEB,BoilerBaseboard,Electric_WaterHeater,2010
197,Urban,40,8,4.48,Vertical-Windows,3.98,2.02,5,4,3,9.31,False,External-Shading,NZEB,ASHPBaseboard,Electric_TanklessHeater,2004
198,City,76,8,4.16,Vertical-Windows,3.42,2.04,4,5,2,9.77,True,External-Shading,NZEB,ASHPBaseboard,Gas_TanklessHeater,1980_2004
199,Urban,150,3,4.37,Vertical-Windows,3.55,2.66,3,4,3,7.53,False,Low-SHGC-Value,GEG,DHWBaseboard,HeatPump_WaterHeater,2016
200,Urban,166,6,3.56,Ribbon-Windows,3.33,3.98,3,5,2,7.52,True,Low-SHGC-Value,NZEB,DHWBaseboard,Gas_WaterHeater,2007
201,City,95,8,4.31,Vertical-Windows,2.52,2.06,5,4,3,11.41,False,Low-SHGC-Value,Passive,ASHPBaseboard,Gas_TanklessHeater,2013
202,Urban,38,8,3.42,Ribbon-Windows,3.57,2.61,4,4,4,8.98,False,External-Shading,Passive,BoilerBaseboard,Gas_TanklessHeater,2019
203,Suburbs,154,7,4.1,Vertical-Windows,3.58,2.98,4,4,2,10.82,False,Low-SHGC-Value,NZEB,DHWBaseboard,Gas_TanklessHeater,2007
204,Suburbs,134,9,3.33,Horizontal-Windows,2.45,2.14,5,3,4,9.57,True,External-Shading,GEG,ASHPBaseboard,Gas_WaterHeater,2013
205,Suburbs,141,8,2.8,Horizontal-Windows,3.26,3.33,4,4,4,7.63,True,Low-SHGC-Value,GEG,BoilerBaseboard,Gas_WaterHeater,2010
206,Country,24,5,4.25,Ribbon-Windows,2.14,3.77,4,5,3,11.12,True,Low-SHGC-Value,NZEB,BoilerBaseboard,Electric_WaterHeater,2013
207,Urban,114,6,3.84,Vertical-Windows,3.09,2.78,3,3,4,11.82,False,External-Shading,GEG,BoilerBaseboard,Gas_WaterHeater,2004
208,Urban,117,5,4.15,Horizontal-Windows,2.71,2.71,4,5,3,11.59,False,External-Shading,NZEB,ASHPBaseboard,Gas_WaterHeater,2004
209,Urban,159,7,4.45,Vertical-Windows,2.73,3.7,4,5,4,7.0,False,External-Shading,NZEB,DHWBaseboard,Electric_TanklessHeater,pre_1980
210,Urban,86,6,3.18,Vertical-Windows,3.64,2.35,3,5,2,11.76,True,External-Shading,NZEB,ASHPBaseboard,Gas_WaterHeater,2016
211,City,109,10,3.7,Vertical-Windows,3.28,2.65,4,5,2,12.99,False,Low-SHGC-Value,GEG,DHWBaseboard,Gas_TanklessHeater,1980_2004
212,City,106,6,3.46,Horizontal-Windows,2.02,2.46,3,5,3,10.22,True,External-Shading,NZEB,ASHPBaseboard,Gas_WaterHeater,2013
213,Suburbs,0,4,3.35,Vertical-Windows,3.71,2.65,4,4,3,12.23,False,External-Shading,NZEB,ASHPBaseboard,HeatPump_WaterHeater,2010
214,Country,60,10,4.0,Horizontal-Windows,3.84,3.12,3,5,3,10.7,False,Low-SHGC-Value,GEG,BoilerBaseboard,Electric_WaterHeater,2013
215,Urban,95,6,3.55,Ribbon-Windows,3.96,2.0,4,3,3,7.3,False,Low-SHGC-Value,Passive,ASHPBaseboard,HeatPump_WaterHeater,2004
216,City,168,8,3.48,Vertical-Windows,2.9,3.62,5,3,3,10.85,True,Low-SHGC-Value,GEG,ASHPBaseboard,Electric_WaterHeater,2010
217,City,147,2,4.22,Ribbon-Windows,2.32,2.48,3,5,2,7.96,True,External-Shading,GEG,ASHPBaseboard,Electric_TanklessHeater,2007
218,Urban,12,4,3.96,Vertical-Windows,3.43,3.79,3,5,3,9.8,False,External-Shading,GEG,ASHPBaseboard,Electric_WaterHeater,pre_1980
219,Country,180,4,3.88,Vertical-Windows,2.94,3.08,3,4,4,8.62,False,Low-SHGC-Value,Passive,ASHPBaseboard,HeatPump_WaterHeater,2007
220,City,147,6,3.61,Vertical-Windows,3.39,3.49,3,4,3,11.48,True,External-Shading,NZEB,ASHPBaseboard,Gas_TanklessHeater,2004
221,Suburbs,64,4,3.86,Vertical-Windows,3.55,2.18,5,4,3,8.8,False,External-Shading,GEG,DHWBaseboard,Electric_TanklessHeater,2016
222,Suburbs,4,5,3.39,Horizontal-Windows,3.46,2.0,4,5,3,9.51,False,Low-SHGC-Value,NZEB,ASHPBaseboard,Electric_WaterHeater,pre_1980
223,City,109,7,2.95,Vertical-Windows,3.31,4.0,4,4,3,7.57,True,External-Shading,NZEB,BoilerBaseboard,Gas_TanklessHeater,2007
224,City,46,5,3.16,Vertical-Windows,2.18,2.77,5,3,3,11.51,True,External-Shading,Passive,ASHPBaseboard,Gas_TanklessHeater,2007
225,Suburbs,130,5,2.96,Ribbon-Windows,2.42,3.23,5,4,3,7.26,True,Low-SHGC-Value,GEG,BoilerBaseboard,HeatPump_WaterHeater,2013
226,City,49,6,3.63,Horizontal-Windows,2.78,2.3,4,5,4,9.32,True,External-Shading,NZEB,ASHPBaseboard,Gas_WaterHeater,2007
227,City,98,6,4.02,Horizontal-Windows,2.83,2.16,4,3,3,7.55,False,External-Shading,NZEB,DHWBaseboard,HeatPump_WaterHeater,1980_2004
228,City,127,2,4.26,Ribbon-Windows,3.01,3.7,4,5,3,11.38,False,Low-SHGC-Value,Passive,ASHPBaseboard,Electric_WaterHeater,2007
229,City,116,3,3.57,Ribbon-Windows,3.29,2.52,3,4,2,12.88,True,External-Shading,GEG,BoilerBaseboard,Gas_TanklessHeater,2016
230,Country,158,7,3.09,Vertical-Windows,2.04,2.68,3,4,4,10.61,False,Low-SHGC-Value,NZEB,ASHPBaseboard,Gas_TanklessHeater,pre_1980
231,Urban,174,7,3.63,Vertical-Windows,3.01,2.39,4,4,2,7.93,True,Low-SHGC-Value,NZEB,ASHPBaseboard,Gas_WaterHeater,2016
232,Suburbs,122,7,3.86,Horizontal-Windows,2.25,3.95,4,3,3,12.27,False,External-Shading,NZEB,DHWBaseboard,Electric_WaterHeater,2019
233,Suburbs,44,6,3.95,Vertical-Windows,3.54,3.64,4,4,2,11.2,True,Low-SHGC-Value,NZEB,DHWBaseboard,HeatPump_WaterHeater,2016
234,Country,8,3,4.39,Ribbon-Windows,2.44,2.52,4,4,2,9.1,False,Low-SHGC-Value,Passive,ASHPBaseboard,Gas_WaterHeater,1980_2004
235,Suburbs,141,4,3.89,Vertical-Windows,2.77,3.02,4,5,2,10.08,False,Low-SHGC-Value,Passive,ASHPBaseboard,Gas_WaterHeater,2019
236,Suburbs,2,2,4.22,Vertical-Windows,3.75,3.85,3,4,4,10.88,True,External-Shading,GEG,DHWBaseboard,Gas_TanklessHeater,2010
237,City,97,6,3.3,Horizontal-Windows,2.42,2.33,4,3,3,9.22,True,External-Shading,NZEB,ASHPBaseboard,Electric_WaterHeater,2016
238,City,34,1,4.08,Vertical-Windows,2.26,2.01,5,4,3,8.45,False,External-Shading,GEG,DHWBaseboard,Gas_TanklessHeater,2013
239,Urban,151,3,2.89,Ribbon-Windows,2.44,2.41,4,4,3,11.46,True,External-Shading,NZEB,ASHPBaseboard,Gas_TanklessHeater,2016
240,Country,117,5,3.03,Vertical-Windows,3.78,2.1,5,4,4,8.03,True,Low-SHGC-Value,NZEB,BoilerBaseboard,HeatPump_WaterHeater,2004
241,Urban,89,1,3.26,Ribbon-Windows,3.7,2.97,4,3,2,7.24,True,External-Shading,Passive,BoilerBaseboard,Electric_WaterHeater,2010
242,Urban,27,9,3.5,Ribbon-Windows,2.78,2.98,4,3,3,11.42,True,External-Shading,NZEB,ASHPBaseboard,Gas_WaterHeater,2013
243,Country,41,4,4.01,Horizontal-Windows,2.71,3.82,5,4,2,7.51,True,Low-SHGC-Value,NZEB,DHWBaseboard,Electric_WaterHeater,2004
244,City,152,7,3.0,Vertical-Windows,2.94,3.79,4,5,3,11.55,True,External-Shading,Passive,BoilerBaseboard,Gas_WaterHeater,1980_2004
245,City,76,1,2.94,Horizontal-Windows,3.99,2.88,4,4,3,12.35,True,External-Shading,NZEB,BoilerBaseboard,Electric_WaterHeater,2019
246,Suburbs,107,4,4.17,Vertical-Windows,2.17,2.93,5,4,3,8.95,False,Low-SHGC-Value,Passive,ASHPBaseboard,Gas_TanklessHeater,2013
247,Suburbs,57,7,3.35,Horizontal-Windows,3.3,2.74,5,3,2,7.42,False,External-Shading,NZEB,ASHPBaseboard,Electric_TanklessHeater,2010
248,City,60,6,3.23,Vertical-Windows,2.28,3.6,5,4,3,11.22,True,Low-SHGC-Value,NZEB,DHWBaseboard,Gas_TanklessHeater,1980_2004
249,Suburbs,133,9,4.07,Vertical-Windows,3.23,2.73,3,3,3,9.33,False,External-Shading,NZEB,DHWBaseboard,Electric_WaterHeater,2010
250,Suburbs,101,1,3.91,Vertical-Windows,3.88,2.13,5,5,3,10.04,False,Low-SHGC-Value,NZEB,DHWBaseboard,Gas_WaterHeater,2010
251,Urban,21,2,3.39,Ribbon-Windows,2.21,3.17,4,4,3,12.05,False,Low-SHGC-Value,Passive,DHWBaseboard,Electric_WaterHeater,pre_1980
252,Country,119,9,3.72,Ribbon-Windows,2.69,3.16,5,4,3,12.74,False,Low-SHGC-Value,Passive,DHWBaseboard,Electric_WaterHeater,2004
253,Country,168,1,3.78,Vertical-Windows,2.96,2.85,4,3,4,11.62,True,Low-SHGC-Value,NZEB,BoilerBaseboard,Electric_TanklessHeater,1980_2004
254,Urban,63,2,4.41,Horizontal-Windows,2.4,2.04,3,3,4,11.53,False,External-Shading,Passive,DHWBaseboard,HeatPump_WaterHeater,1980_2004
255,Urban,100,7,2.85,Vertical-Windows,3.6,2.47,5,4,2,11.23,True,Low-SHGC-Value,NZEB,ASHPBaseboard,HeatPump_WaterHeater,2007
256,Country,10,10,2.88,Vertical-Windows,2.61,2.04,5,5,3,10.27,True,Low-SHGC-Value,NZEB,BoilerBaseboard,HeatPump_WaterHeater,2013
257,Urban,122,8,3.62,Vertical-Windows,2.69,2.24,4,4,3,11.24,True,External-Shading,NZEB,DHWBaseboard,Electric_WaterHeater,1980_2004
258,Country,9,2,4.49,Ribbon-Windows,2.98,3.05,3,3,3,11.89,False,Low-SHGC-Value,NZEB,DHWBaseboard,HeatPump_WaterHeater,2016
259,Suburbs,75,2,3.51,Ribbon-Windows,2.82,2.38,5,4,3,7.9,True,External-Shading,GEG,ASHPBaseboard,HeatPump_WaterHeater,2016
260,Suburbs,37,6,3.48,Ribbon-Windows,3.24,2.79,4,4,4,7.89,True,Low-SHGC-Value,NZEB,ASHPBaseboard,Electric_WaterHeater,1980_2004
261,Suburbs,111,6,4.18,Vertical-Windows,3.19,2.61,5,4,3,7.84,True,External-Shading,GEG,ASHPBaseboard,Gas_WaterHeater,2007
262,City,129,7,3.22,Vertical-Windows,2.8,3.57,4,4,2,8.58,True,External-Shading,NZEB,ASHPBaseboard,Gas_TanklessHeater,2013
263,Country,155,9,3.61,Vertical-Windows,2.88,3.97,5,4,3,11.44,False,Low-SHGC-Value,Passive,DHWBaseboard,Gas_WaterHeater,2007
264,Suburbs,7,7,3.67,Horizontal-Windows,3.5,2.33,4,4,4,7.08,True,Low-SHGC-Value,GEG,ASHPBaseboard,HeatPump_WaterHeater,2007
265,Suburbs,36,9,3.17,Vertical-Windows,3.4,3.16,3,4,4,8.49,False,Low-SHGC-Value,NZEB,ASHPBaseboard,Gas_TanklessHeater,2007
266,Suburbs,149,9,3.03,Vertical-Windows,3.1,3.31,4,5,3,8.66,True,External-Shading,NZEB,ASHPBaseboard,HeatPump_WaterHeater,2007
267,Suburbs,34,3,3.54,Ribbon-Windows,3.7,2.26,4,3,4,9.65,True,External-Shading,Passive,ASHPBaseboard,Electric_WaterHeater,2016
268,Suburbs,13,2,4.43,Ribbon-Windows,3.54,2.93,4,5,3,12.22,False,External-Shading,GEG,ASHPBaseboard,HeatPump_WaterHeater,1980_2004
269,Urban,75,3,4.07,Vertical-Windows,2.91,2.4,3,4,4,11.06,True,Low-SHGC-Value,Passive,ASHPBaseboard,Gas_TanklessHeater,2016
270,Suburbs,141,9,3.49,Horizontal-Windows,3.16,3.27,4,4,3,10.51,True,Low-SHGC-Value,GEG,ASHPBaseboard,Electric_WaterHeater,2016
271,City,121,3,2.95,Horizontal-Windows,3.27,3.6,4,5,3,7.66,True,Low-SHGC-Value,Passive,BoilerBaseboard,Gas_TanklessHeater,2007
272,Urban,45,4,3.87,Horizontal-Windows,3.74,3.97,5,3,3,9.14,False,Low-SHGC-Value,Passive,DHWBaseboard,Electric_WaterHeater,2010
273,City,78,2,3.58,Horizontal-Windows,3.62,3.8,3,4,4,8.7,False,Low-SHGC-Value,GEG,ASHPBaseboard,Electric_TanklessHeater,1980_2004
274,Suburbs,103,10,3.4,Vertical-Windows,3.08,2.92,4,4,3,12.58,True,Low-SHGC-Value,Passive,DHWBaseboard,Gas_TanklessHeater,2007
275,City,152,1,3.14,Horizontal-Windows,3.95,3.35,3,4,3,11.57,True,Low-SHGC-Value,Passive,DHWBaseboard,Electric_WaterHeater,2007
276,Urban,88,8,2.84,Horizontal-Windows,3.84,2.88,5,3,2,8.18,False,External-Shading,NZEB,ASHPBaseboard,HeatPump_WaterHeater,2004
277,Suburbs,9,4,4.4,Horizontal-Windows,3.19,3.31,3,3,3,9.54,False,Low-SHGC-Value,NZEB,ASHPBaseboard,Gas_TanklessHeater,2004
278,Country,85,6,4.18,Ribbon-Windows,2.62,2.89,4,4,3,9.53,False,External-Shading,Passive,DHWBaseboard,Electric_WaterHeater,2004
279,Suburbs,32,2,3.24,Horizontal-Windows,3.52,3.37,4,5,2,9.24,True,External-Shading,Passive,ASHPBaseboard,HeatPump_WaterHeater,2016
280,Urban,57,10,3.93,Vertical-Windows,2.81,2.55,3,4,2,8.6,True,Low-SHGC-Value,NZEB,DHWBaseboard,Gas_WaterHeater,2019
281,Suburbs,13,5,3.98,Ribbon-Windows,2.29,3.66,4,3,4,12.16,False,External-Shading,NZEB,ASHPBaseboard,Gas_WaterHeater,2007
282,City,10,8,4.46,Ribbon-Windows,3.77,2.56,5,4,4,7.04,True,Low-SHGC-Value,NZEB,ASHPBaseboard,Electric_WaterHeater,2016
283,Urban,59,3,3.93,Ribbon-Windows,2.87,3.5,5,4,3,7.58,True,Low-SHGC-Value,NZEB,DHWBaseboard,Gas_TanklessHeater,1980_2004
284,Urban,166,8,3.9,Vertical-Windows,3.96,3.92,4,4,3,8.26,True,Low-SHGC-Value,NZEB,ASHPBaseboard,Electric_WaterHeater,1980_2004
285,City,123,8,3.04,Ribbon-Windows,2.07,2.23,3,3,3,10.81,True,Low-SHGC-Value,NZEB,DHWBaseboard,HeatPump_WaterHeater,2004
286,Country,33,2,4.34,Ribbon-Windows,3.02,3.98,4,3,3,11.69,False,Low-SHGC-Value,Passive,DHWBaseboard,Electric_WaterHeater,2013
287,Urban,163,7,3.36,Horizontal-Windows,2.58,3.54,4,5,3,10.62,True,External-Shading,NZEB,BoilerBaseboard,HeatPump_WaterHeater,2010
288,Suburbs,142,3,3.34,Horizontal-Windows,2.63,3.3,3,4,2,12.56,True,External-Shading,NZEB,ASHPBaseboard,Electric_TanklessHeater,2013
289,Country,133,4,3.28,Ribbon-Windows,2.46,3.78,5,4,4,9.13,False,Low-SHGC-Value,Passive,DHWBaseboard,Gas_WaterHeater,2010
290,Urban,102,1,3.77,Ribbon-Windows,3.03,2.03,4,5,4,11.77,True,Low-SHGC-Value,GEG,BoilerBaseboard,Electric_TanklessHeater,2007
291,Urban,164,10,4.21,Vertical-Windows,2.89,3.96,3,5,3,9.43,False,External-Shading,NZEB,ASHPBaseboard,HeatPump_WaterHeater,2016
292,City,43,3,3.16,Horizontal-Windows,2.1,3.87,5,5,3,12.98,False,Low-SHGC-Value,NZEB,BoilerBaseboard,Electric_WaterHeater,2013
293,Country,88,3,4.36,Ribbon-Windows,2.0,2.69,4,5,3,11.09,False,Low-SHGC-Value,Passive,ASHPBaseboard,Gas_TanklessHeater,2019
294,Suburbs,12,9,3.88,Ribbon-Windows,3.74,2.51,3,4,3,8.67,False,Low-SHGC-Value,GEG,ASHPBaseboard,Electric_WaterHeater,1980_2004
295,Urban,38,4,2.97,Vertical-Windows,3.76,3.32,4,5,4,10.1,True,Low-SHGC-Value,GEG,ASHPBaseboard,Electric_TanklessHeater,1980_2004
296,Country,171,7,3.52,Ribbon-Windows,3.46,4.0,4,4,3,12.07,False,Low-SHGC-Value,NZEB,BoilerBaseboard,Gas_TanklessHeater,2007
297,Urban,157,4,3.87,Horizontal-Windows,2.2,2.12,4,4,2,7.23,False,Low-SHGC-Value,Passive,ASHPBaseboard,HeatPump_WaterHeater,1980_2004
298,Suburbs,149,6,3.08,Ribbon-Windows,3.71,2.44,3,4,3,11.05,False,Low-SHGC-Value,GEG,DHWBaseboard,Electric_WaterHeater,2013
299,Suburbs,174,5,3.66,Vertical-Windows,2.27,2.94,4,5,3,9.55,True,Low-SHGC-Value,NZEB,BoilerBaseboard,Gas_WaterHeater,2007
300,Suburbs,175,10,3.07,Vertical-Windows,2.58,2.21,3,4,3,11.63,False,External-Shading,GEG,BoilerBaseboard,Electric_TanklessHeater,2016
301,City,69,9,3.01,Vertical-Windows,2.95,2.9,3,4,3,11.52,True,Low-SHGC-Value,Passive,ASHPBaseboard,HeatPump_WaterHeater,1980_2004
302,Urban,95,1,4.5,Vertical-Windows,3.33,3.29,3,4,4,11.61,True,Low-SHGC-Value,Passive,ASHPBaseboard,Electric_TanklessHeater,2013
303,Urban,52,3,3.11,Vertical-Windows,3.78,3.49,4,4,4,9.36,True,External-Shading,NZEB,ASHPBaseboard,Gas_TanklessHeater,1980_2004
304,Urban,58,8,4.44,Vertical-Windows,3.65,2.76,3,3,2,12.01,False,External-Shading,NZEB,ASHPBaseboard,Electric_TanklessHeater,2010
305,Suburbs,136,1,3.61,Ribbon-Windows,2.87,2.55,5,5,4,12.51,True,External-Shading,NZEB,BoilerBaseboard,Electric_WaterHeater,2010
306,Suburbs,100,4,2.89,Vertical-Windows,3.35,3.86,5,4,2,10.09,True,Low-SHGC-Value,Passive,BoilerBaseboard,HeatPump_WaterHeater,2010
307,Suburbs,14,1,3.31,Horizontal-Windows,3.65,3.33,4,5,3,12.93,True,External-Shading,GEG,ASHPBaseboard,Gas_WaterHeater,2007
308,Country,173,9,2.91,Horizontal-Windows,2.0,3.51,4,4,4,7.71,True,Low-SHGC-Value,GEG,ASHPBaseboard,Gas_TanklessHeater,2007
309,Suburbs,124,5,4.04,Ribbon-Windows,2.52,3.47,4,4,3,7.94,True,Low-SHGC-Value,NZEB,ASHPBaseboard,HeatPump_WaterHeater,2013
310,Urban,59,3,4.0,Horizontal-Windows,3.11,2.16,4,4,3,12.19,False,External-Shading,NZEB,DHWBaseboard,Gas_TanklessHeater,pre_1980
311,Suburbs,136,2,3.41,Vertical-Windows,3.58,2.53,5,4,2,11.16,True,Low-SHGC-Value,GEG,DHWBaseboard,Gas_WaterHeater,2010
312,Urban,118,7,3.21,Ribbon-Windows,2.84,2.38,4,4,3,8.71,True,Low-SHGC-Value,NZEB,ASHPBaseboard,Electric_WaterHeater,2010
313,Suburbs,111,2,4.21,Horizontal-Windows,3.47,2.72,4,4,2,9.44,False,External-Shading,GEG,ASHPBaseboard,Electric_TanklessHeater,2013
314,Suburbs,15,8,2.98,Vertical-Windows,2.05,2.27,4,3,4,7.97,True,Low-SHGC-Value,NZEB,ASHPBaseboard,Electric_WaterHeater,2016
315,Suburbs,137,9,3.97,Vertical-Windows,2.05,3.88,5,4,3,11.33,False,Low-SHGC-Value,Passive,ASHPBaseboard,Gas_TanklessHeater,pre_1980
316,Urban,177,8,3.23,Vertical-Windows,2.36,3.9,4,4,3,11.95,False,External-Shading,GEG,ASHPBaseboard,Gas_TanklessHeater,2010
317,Suburbs,120,3,4.23,Horizontal-Windows,2.01,2.09,4,5,4,12.86,True,External-Shading,NZEB,ASHPBaseboard,Electric_WaterHeater,2004
318,Urban,22,6,4.17,Vertical-Windows,2.56,3.28,3,5,3,10.86,True,External-Shading,GEG,BoilerBaseboard,Gas_TanklessHeater,2016
319,Urban,44,10,3.45,Ribbon-Windows,3.21,2.29,4,3,4,10.68,False,Low-SHGC-Value,Passive,ASHPBaseboard,Electric_WaterHeater,2013
320,Urban,6,7,3.59,Vertical-Windows,2.46,3.01,4,5,3,9.09,True,Low-SHGC-Value,GEG,DHWBaseboard,HeatPump_WaterHeater,1980_2004
321,Urban,79,10,4.05,Vertical-Windows,2.38,3.18,5,4,2,7.76,False,External-Shading,GEG,DHWBaseboard,HeatPump_WaterHeater,2016
322,Suburbs,87,6,4.35,Vertical-Windows,2.88,3.75,5,3,4,12.34,False,Low-SHGC-Value,Passive,ASHPBaseboard,HeatPump_WaterHeater,2016
323,Country,166,8,4.2,Vertical-Windows,2.15,2.14,4,3,3,7.35,False,Low-SHGC-Value,NZEB,ASHPBaseboard,HeatPump_WaterHeater,2007
324,Country,178,4,3.73,Ribbon-Windows,2.57,2.12,5,3,3,9.2,False,Low-SHGC-Value,NZEB,BoilerBaseboard,Electric_WaterHeater,2010
325,Urban,128,5,4.09,Ribbon-Windows,3.91,2.23,5,4,3,7.81,True,External-Shading,Passive,BoilerBaseboard,Electric_TanklessHeater,2004
326,Suburbs,164,8,3.79,Horizontal-Windows,2.81,3.54,4,4,2,9.25,True,Low-SHGC-Value,GEG,ASHPBaseboard,Electric_WaterHeater,2004
327,Urban,53,4,3.66,Vertical-Windows,2.62,2.93,4,3,4,10.47,True,Low-SHGC-Value,NZEB,DHWBaseboard,HeatPump_WaterHeater,2007
328,Country,47,9,2.84,Vertical-Windows,2.95,2.75,3,4,3,12.39,True,Low-SHGC-Value,NZEB,DHWBaseboard,HeatPump_WaterHeater,1980_2004
329,Urban,83,5,3.8,Vertical-Windows,3.04,2.58,4,3,3,7.54,True,External-Shading,NZEB,BoilerBaseboard,HeatPump_WaterHeater,2013
330,Suburbs,175,5,3.4,Horizontal-Windows,3.18,3.26,5,5,3,9.18,True,Low-SHGC-Value,GEG,BoilerBaseboard,Gas_WaterHeater,2004
331,Urban,41,4,3.96,Vertical-Windows,2.06,2.34,4,3,3,7.77,False,External-Shading,GEG,ASHPBaseboard,HeatPump_WaterHeater,2004
332,Urban,2,9,3.54,Horizontal-Windows,3.7,2.22,4,4,3,9.66,True,Low-SHGC-Value,Passive,BoilerBaseboard,Electric_WaterHeater,2013
333,Urban,89,6,4.24,Vertical-Windows,3.17,2.63,4,3,4,9.02,False,Low-SHGC-Value,GEG,ASHPBaseboard,HeatPump_WaterHeater,2010
334,City,104,4,4.09,Vertical-Windows,3.61,3.53,5,4,3,12.3,False,External-Shading,NZEB,ASHPBaseboard,Gas_TanklessHeater,1980_2004
335,City,103,5,2.86,Vertical-Windows,2.2,3.15,4,5,3,10.11,False,External-Shading,GEG,BoilerBaseboard,Electric_WaterHeater,2013
336,Country,82,8,3.33,Ribbon-Windows,3.16,3.24,4,3,2,8.59,True,Low-SHGC-Value,Passive,BoilerBaseboard,HeatPump_WaterHeater,1980_2004
337,Urban,171,7,4.38,Vertical-Windows,3.62,3.29,4,4,4,11.85,True,Low-SHGC-Value,NZEB,BoilerBaseboard,HeatPump_WaterHeater,2013
338,Urban,176,7,3.15,Vertical-Windows,2.22,2.55,4,3,2,8.47,True,Low-SHGC-Value,Passive,ASHPBaseboard,Electric_WaterHeater,2004
339,Suburbs,37,5,4.06,Horizontal-Windows,3.13,3.13,4,4,3,13.0,False,External-Shading,NZEB,DHWBaseboard,Electric_WaterHeater,2004
340,Urban,159,8,2.83,Vertical-Windows,2.17,3.92,3,4,4,10.21,True,Low-SHGC-Value,NZEB,DHWBaseboard,Electric_WaterHeater,2007
341,Country,54,2,2.83,Ribbon-Windows,2.16,3.42,4,5,3,8.89,False,External-Shading,NZEB,ASHPBaseboard,HeatPump_WaterHeater,2010
342,Suburbs,155,9,4.32,Horizontal-Windows,3.13,2.84,5,5,3,8.0,True,Low-SHGC-Value,Passive,ASHPBaseboard,Electric_TanklessHeater,2007
343,City,17,2,2.94,Horizontal-Windows,3.13,3.72,5,4,3,9.91,True,External-Shading,NZEB,ASHPBaseboard,Gas_TanklessHeater,pre_1980
344,City,132,8,4.11,Ribbon-Windows,2.48,3.42,3,5,3,10.45,False,External-Shading,Passive,DHWBaseboard,HeatPump_WaterHeater,2013
345,Urban,97,7,3.64,Horizontal-Windows,3.64,2.07,4,3,4,7.28,False,Low-SHGC-Value,GEG,DHWBaseboard,Gas_TanklessHeater,2016
346,City,56,4,3.83,Ribbon-Windows,2.14,3.0,5,3,3,11.35,True,External-Shading,NZEB,ASHPBaseboard,Electric_WaterHeater,pre_1980
347,City,91,2,4.28,Vertical-Windows,2.38,3.15,3,4,4,9.74,False,Low-SHGC-Value,NZEB,ASHPBaseboard,Gas_TanklessHeater,2007
348,Suburbs,170,3,4.48,Vertical-Windows,2.06,2.59,3,3,3,9.06,True,External-Shading,Passive,BoilerBaseboard,HeatPump_WaterHeater,2007
349,Urban,140,8,3.45,Horizontal-Windows,3.59,2.67,3,3,3,9.78,False,Low-SHGC-Value,NZEB,BoilerBaseboard,Gas_WaterHeater,2010
350,Country,11,6,2.97,Ribbon-Windows,2.38,2.97,5,4,3,9.5,True,External-Shading,NZEB,BoilerBaseboard,Electric_TanklessHeater,2007
351,Suburbs,50,9,3.94,Vertical-Windows,3.91,3.55,4,3,3,10.72,False,External-Shading,GEG,BoilerBaseboard,Electric_WaterHeater,2013
352,City,119,2,2.95,Vertical-Windows,2.35,3.03,5,4,4,8.52,True,Low-SHGC-Value,NZEB,DHWBaseboard,Gas_WaterHeater,2019
353,Urban,28,2,4.38,Ribbon-Windows,2.33,3.88,5,5,3,9.62,True,Low-SHGC-Value,NZEB,ASHPBaseboard,Gas_WaterHeater,2013
354,Suburbs,83,5,4.04,Vertical-Windows,2.03,2.51,5,5,2,8.3,False,Low-SHGC-Value,GEG,ASHPBaseboard,Electric_WaterHeater,2007
355,City,99,4,3.99,Ribbon-Windows,3.86,2.9,4,3,3,12.0,True,Low-SHGC-Value,Passive,ASHPBaseboard,HeatPump_WaterHeater,2004
356,Suburbs,119,5,2.87,Ribbon-Windows,2.08,2.77,4,4,2,12.15,True,External-Shading,NZEB,BoilerBaseboard,Gas_WaterHeater,2013
357,Country,177,6,2.91,Horizontal-Windows,2.8,2.77,5,3,3,9.16,False,External-Shading,GEG,BoilerBaseboard,HeatPump_WaterHeater,2007
358,City,7,6,3.05,Vertical-Windows,2.75,3.92,3,5,4,7.31,True,Low-SHGC-Value,Passive,ASHPBaseboard,HeatPump_WaterHeater,2010
359,Suburbs,1,6,4.33,Vertical-Windows,3.37,3.73,5,5,2,8.17,True,Low-SHGC-Value,Passive,ASHPBaseboard,HeatPump_WaterHeater,2010
360,Urban,124,1,3.86,Ribbon-Windows,3.36,3.91,5,5,4,11.11,True,Low-SHGC-Value,NZEB,DHWBaseboard,HeatPump_WaterHeater,2010
361,Country,21,4,3.59,Horizontal-Windows,3.53,2.37,4,3,3,7.38,True,External-Shading,NZEB,ASHPBaseboard,Gas_TanklessHeater,2004
362,City,25,5,3.01,Horizontal-Windows,2.5,3.31,4,3,3,10.75,False,Low-SHGC-Value,NZEB,ASHPBaseboard,HeatPump_WaterHeater,1980_2004
363,Suburbs,41,8,3.26,Ribbon-Windows,2.39,3.84,3,4,3,10.31,True,Low-SHGC-Value,NZEB,ASHPBaseboard,HeatPump_WaterHeater,1980_2004
364,Country,156,3,3.06,Horizontal-Windows,2.63,3.57,3,3,3,9.07,False,Low-SHGC-Value,GEG,DHWBaseboard,Electric_TanklessHeater,1980_2004
365,City,154,3,3.09,Horizontal-Windows,2.57,3.19,3,3,3,7.61,True,External-Shading,GEG,ASHPBaseboard,Gas_TanklessHeater,2016
366,Urban,118,1,3.23,Vertical-Windows,2.72,2.02,4,5,4,7.37,False,External-Shading,NZEB,BoilerBaseboard,Gas_TanklessHeater,2004
367,Suburbs,179,6,3.55,Horizontal-Windows,2.79,2.03,5,4,4,11.92,True,External-Shading,GEG,ASHPBaseboard,Gas_WaterHeater,2016
368,Country,1,10,3.9,Vertical-Windows,3.81,3.89,3,5,3,8.09,False,Low-SHGC-Value,Passive,ASHPBaseboard,Electric_WaterHeater,2010
369,City,113,6,3.26,Vertical-Windows,2.15,2.84,4,5,3,12.84,True,External-Shading,Passive,DHWBaseboard,Gas_TanklessHeater,2007
370,Suburbs,35,8,3.41,Vertical-Windows,2.47,2.28,4,3,3,10.15,False,External-Shading,NZEB,ASHPBaseboard,Gas_TanklessHeater,2016
371,Suburbs,58,5,4.02,Vertical-Windows,3.87,2.57,5,4,2,8.84,False,External-Shading,NZEB,ASHPBaseboard,Gas_TanklessHeater,2007
372,Urban,102,7,4.08,Ribbon-Windows,2.03,3.44,4,4,2,10.14,True,Low-SHGC-Value,GEG,DHWBaseboard,Gas_TanklessHeater,2016
373,City,51,4,3.17,Ribbon-Windows,3.97,3.93,4,5,4,12.42,True,External-Shading,Passive,DHWBaseboard,HeatPump_WaterHeater,1980_2004
374,Suburbs,98,2,2.88,Horizontal-Windows,2.93,3.94,4,4,3,11.93,True,Low-SHGC-Value,Passive,ASHPBaseboard,Gas_WaterHeater,2016
375,Suburbs,87,5,4.05,Ribbon-Windows,3.93,3.84,4,4,4,12.49,True,External-Shading,GEG,ASHPBaseboard,HeatPump_WaterHeater,2013
376,Urban,17,3,3.47,Horizontal-Windows,3.08,3.17,4,4,3,8.23,False,Low-SHGC-Value,Passive,BoilerBaseboard,Gas_TanklessHeater,1980_2004
377,Suburbs,157,8,3.46,Horizontal-Windows,3.98,3.05,5,4,4,11.68,True,External-Shading,NZEB,BoilerBaseboard,Gas_TanklessHeater,2016
378,City,158,4,4.22,Horizontal-Windows,2.9,2.47,3,4,4,11.34,True,Low-SHGC-Value,Passive,ASHPBaseboard,HeatPump_WaterHeater,2019
379,Suburbs,29,5,4.26,Horizontal-Windows,2.73,3.56,4,3,3,9.42,True,External-Shading,NZEB,ASHPBaseboard,Electric_WaterHeater,2007
380,Urban,127,3,3.1,Ribbon-Windows,2.47,3.07,4,5,3,11.67,False,External-Shading,NZEB,DHWBaseboard,HeatPump_WaterHeater,2019
381,Urban,169,2,3.89,Horizontal-Windows,3.72,2.19,5,5,4,10.93,False,External-Shading,NZEB,ASHPBaseboard,HeatPump_WaterHeater,pre_1980
382,Suburbs,28,2,3.71,Ribbon-Windows,2.16,3.58,4,4,3,7.67,False,Low-SHGC-Value,NZEB,ASHPBaseboard,HeatPump_WaterHeater,1980_2004
383,Country,74,5,4.12,Vertical-Windows,2.92,3.25,4,3,3,8.15,False,External-Shading,NZEB,DHWBaseboard,Gas_TanklessHeater,2016
384,Country,88,4,3.76,Ribbon-Windows,2.53,2.62,4,4,2,8.42,True,External-Shading,NZEB,ASHPBaseboard,Gas_WaterHeater,2019
385,Urban,131,9,3.78,Horizontal-Windows,2.61,3.41,4,5,2,11.83,True,Low-SHGC-Value,NZEB,BoilerBaseboard,Electric_WaterHeater,2007
386,Suburbs,99,9,4.13,Vertical-Windows,2.5,2.61,4,3,3,8.37,True,Low-SHGC-Value,Passive,DHWBaseboard,Electric_WaterHeater,pre_1980
387,Urban,130,3,4.24,Vertical-Windows,3.49,2.29,4,4,3,9.93,False,Low-SHGC-Value,NZEB,ASHPBaseboard,Electric_WaterHeater,2016
388,City,153,2,3.06,Ribbon-Windows,3.36,2.58,4,4,4,9.96,False,Low-SHGC-Value,NZEB,ASHPBaseboard,Electric_WaterHeater,2004
389,Urban,116,9,3.74,Ribbon-Windows,2.16,2.5,4,3,2,8.36,True,External-Shading,GEG,ASHPBaseboard,Gas_TanklessHeater,2019
390,Suburbs,48,5,3.17,Vertical-Windows,3.9,3.72,3,4,3,11.14,False,External-Shading,Passive,BoilerBaseboard,Electric_TanklessHeater,2010
391,City,49,7,3.83,Vertical-Windows,2.65,2.65,3,4,3,11.7,False,External-Shading,GEG,DHWBaseboard,Electric_WaterHeater,2016
392,City,66,3,4.04,Vertical-Windows,3.68,2.42,4,5,4,7.72,False,Low-SHGC-Value,NZEB,ASHPBaseboard,Gas_TanklessHeater,2007
393,City,80,2,4.05,Ribbon-Windows,3.89,2.71,5,4,2,7.32,True,External-Shading,NZEB,ASHPBaseboard,Gas_WaterHeater,pre_1980
394,Country,18,4,4.39,Vertical-Windows,2.39,2.17,5,4,3,12.76,True,External-Shading,Passive,BoilerBaseboard,Electric_WaterHeater,1980_2004
395,Urban,105,9,3.38,Vertical-Windows,3.81,3.14,4,5,3,8.35,False,External-Shading,NZEB,DHWBaseboard,Gas_TanklessHeater,2007
396,Country,31,5,4.33,Vertical-Windows,3.0,3.13,3,4,4,9.15,False,Low-SHGC-Value,Passive,ASHPBaseboard,Gas_TanklessHeater,2016
397,Urban,46,4,3.99,Horizontal-Windows,2.76,3.4,5,4,4,12.68,False,Low-SHGC-Value,NZEB,ASHPBaseboard,Gas_TanklessHeater,2016
398,Suburbs,151,2,3.05,Ribbon-Windows,3.66,2.95,4,4,3,11.29,True,External-Shading,NZEB,ASHPBaseboard,HeatPump_WaterHeater,2010
399,Country,62,3,3.24,Ribbon-Windows,3.04,2.96,5,4,2,8.64,True,External-Shading,Passive,ASHPBaseboard,Gas_TanklessHeater,2007
400,Urban,154,8,4.45,Horizontal-Windows,2.31,3.05,4,4,2,9.85,True,Low-SHGC-Value,NZEB,ASHPBaseboard,Gas_TanklessHeater,2007
401,Country,145,1,4.25,Ribbon-Windows,3.99,2.63,5,5,2,9.84,True,External-Shading,GEG,BoilerBaseboard,Gas_TanklessHeater,2004
402,Suburbs,73,9,3.15,Ribbon-Windows,2.53,3.39,3,4,4,8.83,True,External-Shading,NZEB,DHWBaseboard,HeatPump_WaterHeater,2004
403,Suburbs,26,5,3.77,Vertical-Windows,2.08,2.36,5,5,2,8.2,True,External-Shading,GEG,BoilerBaseboard,Gas_WaterHeater,2007
404,Urban,90,3,3.42,Vertical-Windows,3.47,2.46,5,5,3,7.95,True,Low-SHGC-Value,NZEB,ASHPBaseboard,Gas_WaterHeater,1980_2004
405,Suburbs,4,6,4.32,Vertical-Windows,3.75,3.09,3,4,3,12.65,False,Low-SHGC-Value,Passive,DHWBaseboard,HeatPump_WaterHeater,2007
406,Urban,126,1,3.11,Vertical-Windows,3.0,3.14,4,4,3,9.27,True,Low-SHGC-Value,GEG,ASHPBaseboard,Electric_TanklessHeater,pre_1980
407,Country,66,4,3.87,Horizontal-Windows,3.85,2.11,5,4,3,11.65,False,External-Shading,NZEB,BoilerBaseboard,Gas_TanklessHeater,2013
408,Urban,120,7,4.37,Vertical-Windows,3.94,2.53,4,4,4,10.73,False,External-Shading,Passive,ASHPBaseboard,Electric_WaterHeater,2013
409,Country,25,10,3.56,Ribbon-Windows,3.45,2.31,5,5,4,12.7,True,External-Shading,GEG,BoilerBaseboard,HeatPump_WaterHeater,2016
410,Country,117,8,3.97,Horizontal-Windows,3.15,2.79,3,4,2,12.8,False,External-Shading,NZEB,ASHPBaseboard,HeatPump_WaterHeater,2013
411,Suburbs,3,5,3.97,Vertical-Windows,3.6,3.9,5,3,4,8.74,True,Low-SHGC-Value,Passive,DHWBaseboard,Electric_TanklessHeater,2016
412,Urban,58,1,2.83,Horizontal-Windows,2.34,3.39,4,3,2,9.75,False,External-Shading,GEG,DHWBaseboard,Electric_WaterHeater,2010
413,Urban,14,6,4.14,Vertical-Windows,3.09,2.24,5,5,3,12.95,True,External-Shading,NZEB,ASHPBaseboard,Gas_TanklessHeater,2004
414,Suburbs,61,10,4.37,Vertical-Windows,3.44,2.83,4,5,4,12.71,True,External-Shading,NZEB,ASHPBaseboard,Electric_TanklessHeater,pre_1980
415,Suburbs,74,3,4.1,Vertical-Windows,2.04,3.27,4,3,3,10.05,True,Low-SHGC-Value,GEG,BoilerBaseboard,Electric_TanklessHeater,2016
416,Suburbs,94,7,2.93,Horizontal-Windows,2.99,3.91,5,4,2,10.76,True,External-Shading,NZEB,ASHPBaseboard,Gas_TanklessHeater,2019
417,Suburbs,138,9,3.73,Vertical-Windows,2.55,3.24,3,4,4,11.98,False,Low-SHGC-Value,NZEB,ASHPBaseboard,Electric_WaterHeater,2013
418,Urban,69,10,3.1,Ribbon-Windows,2.99,2.36,3,3,3,10.19,True,Low-SHGC-Value,NZEB,BoilerBaseboard,Gas_WaterHeater,2010
419,Suburbs,171,6,3.88,Vertical-Windows,2.98,3.27,5,4,4,12.04,True,External-Shading,NZEB,DHWBaseboard,Gas_WaterHeater,2007
420,Urban,70,9,4.02,Horizontal-Windows,2.36,3.23,3,3,3,11.8,False,Low-SHGC-Value,NZEB,DHWBaseboard,Electric_WaterHeater,2016
421,Urban,40,1,2.84,Ribbon-Windows,2.99,3.66,4,5,3,12.1,False,Low-SHGC-Value,NZEB,ASHPBaseboard,Gas_TanklessHeater,1980_2004
422,Suburbs,70,6,3.54,Horizontal-Windows,3.15,2.49,4,5,3,9.12,True,Low-SHGC-Value,NZEB,ASHPBaseboard,Electric_WaterHeater,1980_2004
423,Country,64,7,4.14,Ribbon-Windows,2.11,2.8,4,4,3,12.75,False,External-Shading,NZEB,DHWBaseboard,Gas_WaterHeater,2013
424,City,72,4,3.69,Vertical-Windows,2.75,3.2,4,4,4,11.15,False,External-Shading,GEG,DHWBaseboard,Electric_TanklessHeater,pre_1980
425,Country,131,3,3.82,Vertical-Windows,2.34,2.25,4,3,2,7.19,True,External-Shading,NZEB,BoilerBaseboard,Electric_TanklessHeater,1980_2004
426,City,93,2,2.86,Horizontal-Windows,2.24,2.82,4,5,3,8.73,False,External-Shading,GEG,BoilerBaseboard,HeatPump_WaterHeater,2013
427,City,36,5,3.95,Vertical-Windows,2.82,2.85,4,4,4,11.26,True,External-Shading,NZEB,BoilerBaseboard,Gas_TanklessHeater,2013
428,Urban,77,10,3.08,Vertical-Windows,2.22,2.56,5,4,2,10.98,False,Low-SHGC-Value,GEG,ASHPBaseboard,Electric_TanklessHeater,2004
429,Suburbs,126,9,2.92,Vertical-Windows,2.49,2.68,3,5,2,7.12,False,External-Shading,Passive,ASHPBaseboard,Gas_WaterHeater,2010
430,City,113,2,3.85,Vertical-Windows,3.4,3.32,4,3,3,10.2,False,Low-SHGC-Value,Passive,DHWBaseboard,Electric_WaterHeater,2007
431,Country,23,7,3.79,Horizontal-Windows,2.49,2.32,3,4,3,7.02,False,Low-SHGC-Value,NZEB,BoilerBaseboard,HeatPump_WaterHeater,2016
432,Urban,5,6,4.47,Horizontal-Windows,3.8,3.82,4,4,3,10.23,False,External-Shading,Passive,ASHPBaseboard,Electric_WaterHeater,2013
433,Suburbs,155,6,4.01,Vertical-Windows,2.06,2.72,4,4,4,8.53,False,External-Shading,NZEB,ASHPBaseboard,Gas_TanklessHeater,pre_1980
434,Suburbs,110,7,3.89,Vertical-Windows,3.03,3.21,3,3,3,10.5,True,External-Shading,GEG,ASHPBaseboard,Gas_WaterHeater,2004
435,City,92,2,3.11,Horizontal-Windows,3.35,3.55,4,4,3,12.62,True,External-Shading,GEG,BoilerBaseboard,Gas_TanklessHeater,2010
436,Urban,118,8,3.47,Vertical-Windows,3.05,3.09,4,5,3,7.83,True,Low-SHGC-Value,NZEB,BoilerBaseboard,Electric_WaterHeater,2016
437,Urban,170,1,3.74,Vertical-Windows,3.76,2.64,5,5,4,8.41,True,Low-SHGC-Value,GEG,ASHPBaseboard,Gas_TanklessHeater,2010
438,Urban,32,1,4.07,Horizontal-Windows,2.45,3.34,3,4,4,8.68,False,External-Shading,Passive,BoilerBaseboard,HeatPump_WaterHeater,1980_2004
439,Suburbs,87,7,3.36,Ribbon-Windows,3.11,2.02,3,3,3,11.08,False,Low-SHGC-Value,GEG,BoilerBaseboard,HeatPump_WaterHeater,pre_1980
440,Suburbs,14,9,4.39,Ribbon-Windows,2.75,2.82,5,4,4,8.88,False,Low-SHGC-Value,NZEB,DHWBaseboard,Electric_WaterHeater,2013
441,Urban,47,7,3.12,Vertical-Windows,3.86,3.81,3,4,4,12.92,False,External-Shading,NZEB,ASHPBaseboard,HeatPump_WaterHeater,2010
442,Suburbs,63,8,4.35,Ribbon-Windows,3.93,2.81,4,4,2,8.24,False,External-Shading,Passive,ASHPBaseboard,Electric_WaterHeater,2004
443,Urban,104,9,2.9,Vertical-Windows,2.41,2.87,4,5,2,7.78,True,External-Shading,GEG,DHWBaseboard,HeatPump_WaterHeater,2007
444,Suburbs,5,3,4.41,Horizontal-Windows,2.81,3.6,4,4,4,9.79,True,Low-SHGC-Value,NZEB,ASHPBaseboard,Electric_WaterHeater,2004
445,Suburbs,157,2,3.12,Vertical-Windows,2.36,2.44,4,5,2,12.33,False,Low-SHGC-Value,GEG,BoilerBaseboard,Electric_WaterHeater,2007
446,Urban,19,5,3.59,Vertical-Windows,2.42,3.52,3,4,2,7.05,False,Low-SHGC-Value,GEG,DHWBaseboard,Electric_WaterHeater,2016
447,Suburbs,50,3,4.2,Vertical-Windows,3.51,2.64,4,4,3,8.82,False,External-Shading,GEG,ASHPBaseboard,Electric_WaterHeater,2004
448,Suburbs,3,8,3.83,Horizontal-Windows,3.56,2.89,4,4,2,9.98,True,External-Shading,NZEB,DHWBaseboard,Gas_TanklessHeater,2013
449,Suburbs,96,9,2.89,Horizontal-Windows,2.97,2.41,3,3,3,10.63,False,External-Shading,NZEB,DHWBaseboard,HeatPump_WaterHeater,2013
450,Suburbs,163,5,3.57,Vertical-Windows,2.02,2.34,4,4,4,8.13,False,Low-SHGC-Value,NZEB,ASHPBaseboard,HeatPump_WaterHeater,2007
451,Country,105,10,3.05,Ribbon-Windows,2.12,2.28,3,4,3,7.1,False,External-Shading,NZEB,ASHPBaseboard,HeatPump_WaterHeater,2004
452,City,123,8,3.98,Vertical-Windows,2.31,2.2,4,4,2,10.07,True,External-Shading,NZEB,ASHPBaseboard,Gas_WaterHeater,2013
453,City,144,4,3.84,Vertical-Windows,2.3,2.96,4,4,2,10.97,False,Low-SHGC-Value,NZEB,ASHPBaseboard,HeatPump_WaterHeater,2016
454,City,26,4,3.28,Vertical-Windows,2.92,3.21,4,3,3,7.25,True,Low-SHGC-Value,GEG,DHWBaseboard,HeatPump_WaterHeater,1980_2004
455,City,65,9,3.51,Vertical-Windows,3.67,2.51,5,5,4,11.45,False,External-Shading,NZEB,DHWBaseboard,Electric_WaterHeater,pre_1980
456,Urban,75,5,4.23,Ribbon-Windows,3.51,2.08,4,4,3,8.14,False,External-Shading,Passive,BoilerBaseboard,Gas_TanklessHeater,2004
457,Urban,30,10,4.26,Vertical-Windows,3.21,2.43,4,4,3,10.57,False,Low-SHGC-Value,NZEB,DHWBaseboard,Gas_WaterHeater,2013
458,Suburbs,140,5,4.28,Vertical-Windows,3.69,2.53,4,4,4,11.36,True,Low-SHGC-Value,NZEB,BoilerBaseboard,Gas_TanklessHeater,pre_1980
459,Suburbs,43,8,3.14,Horizontal-Windows,2.51,3.94,4,5,3,11.75,False,Low-SHGC-Value,NZEB,ASHPBaseboard,Gas_TanklessHeater,1980_2004
460,Urban,177,3,3.65,Ribbon-Windows,2.7,3.15,5,4,3,9.28,False,Low-SHGC-Value,NZEB,ASHPBaseboard,Gas_TanklessHeater,2016
461,Suburbs,109,7,3.04,Vertical-Windows,2.59,3.33,4,4,3,7.07,False,External-Shading,Passive,ASHPBaseboard,Gas_TanklessHeater,2004
462,Urban,35,6,2.87,Ribbon-Windows,3.05,3.0,5,4,4,10.49,True,Low-SHGC-Value,Passive,DHWBaseboard,Electric_TanklessHeater,1980_2004
463,Urban,173,7,3.46,Vertical-Windows,2.74,3.49,3,4,3,8.86,False,External-Shading,NZEB,DHWBaseboard,Electric_WaterHeater,2010
464,Country,54,5,4.43,Vertical-Windows,2.6,2.91,5,4,2,12.57,False,Low-SHGC-Value,GEG,ASHPBaseboard,HeatPump_WaterHeater,2004
465,Urban,149,9,4.29,Vertical-Windows,3.78,3.45,5,5,4,8.94,True,External-Shading,GEG,BoilerBaseboard,Electric_WaterHeater,2019
466,Urban,39,3,2.99,Ribbon-Windows,2.66,2.45,4,4,2,9.37,False,External-Shading,NZEB,ASHPBaseboard,HeatPump_WaterHeater,2010
467,Urban,18,4,3.92,Vertical-Windows,2.77,2.14,4,4,4,11.4,False,Low-SHGC-Value,NZEB,BoilerBaseboard,Electric_TanklessHeater,2010
468,Urban,159,4,3.0,Horizontal-Windows,3.96,2.2,4,4,4,9.08,True,External-Shading,Passive,ASHPBaseboard,Gas_WaterHeater,2004
469,Urban,39,2,4.12,Horizontal-Windows,2.66,2.83,5,3,3,10.37,True,External-Shading,NZEB,ASHPBaseboard,HeatPump_WaterHeater,2010
470,Urban,135,7,3.25,Horizontal-Windows,2.21,3.28,5,5,3,12.03,False,External-Shading,Passive,DHWBaseboard,Gas_TanklessHeater,1980_2004
471,Urban,142,10,2.97,Vertical-Windows,2.18,2.06,3,4,4,11.79,False,External-Shading,Passive,ASHPBaseboard,Electric_WaterHeater,2016
472,City,45,4,3.04,Vertical-Windows,2.51,3.9,4,3,4,9.81,True,External-Shading,NZEB,ASHPBaseboard,Gas_WaterHeater,pre_1980
473,Suburbs,144,4,3.7,Vertical-Windows,3.43,2.63,5,3,3,11.21,False,Low-SHGC-Value,GEG,BoilerBaseboard,Gas_WaterHeater,1980_2004
474,Country,63,4,3.33,Vertical-Windows,3.94,3.36,3,4,4,9.68,False,Low-SHGC-Value,NZEB,DHWBaseboard,Electric_TanklessHeater,2004
475,City,120,2,3.9,Horizontal-Windows,2.97,2.07,3,3,3,10.13,True,External-Shading,GEG,BoilerBaseboard,Electric_WaterHeater,2007
476,Suburbs,12,4,3.01,Vertical-Windows,3.57,3.64,3,4,4,9.56,True,Low-SHGC-Value,NZEB,BoilerBaseboard,Gas_TanklessHeater,2013
477,Country,22,6,3.85,Ribbon-Windows,2.91,2.57,3,5,3,11.74,False,External-Shading,Passive,BoilerBaseboard,Gas_WaterHeater,1980_2004
478,Suburbs,135,5,3.85,Vertical-Windows,3.82,2.12,4,3,4,10.92,True,External-Shading,NZEB,DHWBaseboard,Gas_WaterHeater,2013
479,Suburbs,80,7,3.67,Horizontal-Windows,3.12,3.01,4,3,3,11.3,True,Low-SHGC-Value,Passive,ASHPBaseboard,Gas_WaterHeater,2010
480,City,126,8,4.19,Ribbon-Windows,3.15,3.11,3,5,3,12.25,True,Low-SHGC-Value,Passive,ASHPBaseboard,Gas_TanklessHeater,2010
481,Urban,101,8,3.44,Ribbon-Windows,3.3,3.34,4,4,2,10.44,False,External-Shading,NZEB,ASHPBaseboard,Electric_TanklessHeater,2004
482,Suburbs,167,1,4.18,Vertical-Windows,3.62,3.72,4,4,4,9.39,False,External-Shading,GEG,ASHPBaseboard,Electric_WaterHeater,2004
483,Suburbs,82,3,3.84,Vertical-Windows,2.77,3.06,5,5,2,11.32,False,External-Shading,NZEB,ASHPBaseboard,Electric_TanklessHeater,2004
484,Urban,136,4,3.77,Vertical-Windows,3.48,2.87,5,4,4,9.6,True,External-Shading,NZEB,ASHPBaseboard,Electric_WaterHeater,2007
485,Country,125,8,3.09,Vertical-Windows,2.3,3.23,3,4,4,10.9,False,External-Shading,Passive,ASHPBaseboard,HeatPump_WaterHeater,2010
486,Urban,93,4,4.31,Vertical-Windows,3.17,3.63,4,3,3,12.54,False,External-Shading,GEG,BoilerBaseboard,HeatPump_WaterHeater,2019
487,Suburbs,52,3,4.41,Ribbon-Windows,3.74,3.45,4,4,4,9.21,False,External-Shading,Passive,ASHPBaseboard,Electric_WaterHeater,2013
488,Suburbs,83,8,3.51,Vertical-Windows,3.01,3.51,3,3,3,7.11,False,Low-SHGC-Value,NZEB,ASHPBaseboard,Electric_WaterHeater,2016
489,Suburbs,135,5,3.76,Horizontal-Windows,2.41,2.05,4,4,3,10.56,True,External-Shading,NZEB,ASHPBaseboard,Gas_TanklessHeater,1980_2004
490,Country,146,9,3.74,Vertical-Windows,2.27,3.38,4,4,2,11.97,False,Low-SHGC-Value,NZEB,ASHPBaseboard,Electric_TanklessHeater,2004
491,Suburbs,133,6,3.82,Horizontal-Windows,2.07,2.32,4,4,2,8.12,True,Low-SHGC-Value,Passive,ASHPBaseboard,Gas_TanklessHeater,2004
492,Suburbs,106,8,4.25,Horizontal-Windows,3.31,3.06,5,5,3,12.29,False,Low-SHGC-Value,NZEB,ASHPBaseboard,Gas_TanklessHeater,2004
493,Country,144,7,3.02,Ribbon-Windows,3.1,3.48,5,3,4,9.95,True,External-Shading,NZEB,ASHPBaseboard,Gas_TanklessHeater,2016
494,Country,48,2,3.62,Vertical-Windows,3.52,3.22,3,3,4,9.26,True,Low-SHGC-Value,Passive,ASHPBaseboard,Gas_WaterHeater,2010
495,Urban,172,4,4.35,Vertical-Windows,2.93,2.21,4,4,2,12.48,False,External-Shading,NZEB,ASHPBaseboard,Electric_WaterHeater,2013
496,Urban,139,4,3.08,Vertical-Windows,3.33,3.41,4,4,2,11.28,True,External-Shading,NZEB,ASHPBaseboard,Gas_WaterHeater,2013
497,Suburbs,16,5,3.67,Vertical-Windows,2.35,3.1,5,5,4,7.91,False,Low-SHGC-Value,GEG,BoilerBaseboard,HeatPump_WaterHeater,1980_2004
498,Country,152,9,3.7,Vertical-Windows,3.73,3.71,3,4,2,7.47,False,Low-SHGC-Value,GEG,BoilerBaseboard,Electric_TanklessHeater,2019
499,Urban,161,2,3.29,Vertical-Windows,2.65,3.71,4,4,3,9.3,True,External-Shading,NZEB,BoilerBaseboard,Gas_TanklessHeater,2013
